{"cameraMode":{"drawMode":0,"name":"Shaded","section":"Shading Mode"},"sceneLighting":true,"audioPlay":false,"sceneViewState":{"showFog":true,"showMaterialUpdate":false,"showSkybox":true,"showFlares":true,"showImageEffects":true,"showParticleSystems":true},"in2DMode":false,"pivot":{"x":156.98648071289063,"y":-84.98782348632813,"z":197.908203125},"rotation":{"x":0.16650480031967164,"y":0.34996187686920168,"z":-0.06336130946874619,"w":0.9196674227714539},"size":276.5248107910156,"orthographic":false}