{"cameraMode":{"drawMode":0,"name":"Shaded","section":"Shading Mode"},"sceneLighting":true,"audioPlay":false,"sceneViewState":{"showFog":false,"showMaterialUpdate":false,"showSkybox":false,"showFlares":false,"showImageEffects":false,"showParticleSystems":false},"in2DMode":false,"pivot":{"x":-26.165321350097658,"y":-42.31477355957031,"z":158.33399963378907},"rotation":{"x":-0.1360010951757431,"y":0.09789435565471649,"z":-0.013503188267350197,"w":-0.9857677817344666},"size":179.93653869628907,"orthographic":false}